participant_id,age,gender,nationality,language_experience,condition_order,session_id,marker_id,object_name,target_word,modality,phase,word_shown_at,recall_id,audio_file_path,voice_recorded_at
1,27,f,German,"German, English, French",tradtional-first,4,JACKET_ID_6,jacket,jachetă,TRADITIONAL_TEXT_AUDIO,experiment,2025-12-12 11:50:26,4.0,voice_recordings/P001_20251212_125032_911_JACKET_ID_6_jachetă.m4a,2025-12-12 11:50:32
1,27,f,German,"German, English, French",tradtional-first,5,CUCUMBER_ID_5,cucumber,castravete,TRADITIONAL_TEXT_AUDIO,experiment,2025-12-12 11:50:35,5.0,voice_recordings/P001_20251212_125041_789_CUCUMBER_ID_5_castravete.m4a,2025-12-12 11:50:41
1,27,f,German,"German, English, French",tradtional-first,6,SPOON_ID_4,spoon,lingură,TRADITIONAL_TEXT_AUDIO,experiment,2025-12-12 11:50:45,6.0,voice_recordings/P001_20251212_125050_905_SPOON_ID_4_lingură.m4a,2025-12-12 11:50:50
1,27,f,German,"German, English, French",tradtional-first,7,SHOES_ID_3,shoes,pantofi,AR_TEXT_AUDIO,experiment,2025-12-12 11:52:29,7.0,voice_recordings/P001_20251212_125235_488_SHOES_ID_3_pantofi.m4a,2025-12-12 11:52:35
1,27,f,German,"German, English, French",tradtional-first,8,APPLE_ID_2,apple,măr,AR_TEXT_AUDIO,experiment,2025-12-12 11:52:39,8.0,voice_recordings/P001_20251212_125244_389_APPLE_ID_2_măr.m4a,2025-12-12 11:52:44
1,27,f,German,"German, English, French",tradtional-first,9,CUP_ID_1,cup,cupă,AR_TEXT_AUDIO,experiment,2025-12-12 11:52:49,9.0,voice_recordings/P001_20251212_125254_819_CUP_ID_1_cupă.m4a,2025-12-12 11:52:54
2,26,f,Indian,"Hindi, English, French",tradtional-first,15,JACKET_ID_6,jacket,jachetă,TRADITIONAL_TEXT_AUDIO,experiment,2025-12-12 12:26:09,14.0,voice_recordings/P002_20251212_132618_639_JACKET_ID_6_jachetă.m4a,2025-12-12 12:26:18
2,26,f,Indian,"Hindi, English, French",tradtional-first,16,CUCUMBER_ID_5,cucumber,castravete,TRADITIONAL_TEXT_AUDIO,experiment,2025-12-12 12:26:24,15.0,voice_recordings/P002_20251212_132635_226_CUCUMBER_ID_5_castravete.m4a,2025-12-12 12:26:35
2,26,f,Indian,"Hindi, English, French",tradtional-first,17,SPOON_ID_4,spoon,lingură,TRADITIONAL_TEXT_AUDIO,experiment,2025-12-12 12:26:41,16.0,voice_recordings/P002_20251212_132646_876_SPOON_ID_4_lingură.m4a,2025-12-12 12:26:46
2,26,f,Indian,"Hindi, English, French",tradtional-first,18,SHOES_ID_3,shoes,pantofi,AR_TEXT_AUDIO,experiment,2025-12-12 12:26:57,17.0,voice_recordings/P002_20251212_132705_392_SHOES_ID_3_pantofi.m4a,2025-12-12 12:27:05
2,26,f,Indian,"Hindi, English, French",tradtional-first,19,CUP_ID_1,cup,cupă,AR_TEXT_AUDIO,experiment,2025-12-12 12:27:12,18.0,voice_recordings/P002_20251212_132721_926_CUP_ID_1_cupă.m4a,2025-12-12 12:27:21
2,26,f,Indian,"Hindi, English, French",tradtional-first,20,APPLE_ID_2,apple,măr,AR_TEXT_AUDIO,experiment,2025-12-12 12:27:27,19.0,voice_recordings/P002_20251212_132734_652_APPLE_ID_2_măr.m4a,2025-12-12 12:27:34
3,24,f,Italian,"Italian, English",tradtional-first,26,JACKET_ID_6,jacket,jachetă,TRADITIONAL_TEXT_AUDIO,experiment,2025-12-12 12:50:24,25.0,voice_recordings/P003_20251212_135032_048_JACKET_ID_6_jachetă.m4a,2025-12-12 12:50:32
3,24,f,Italian,"Italian, English",tradtional-first,27,CUCUMBER_ID_5,cucumber,castravete,TRADITIONAL_TEXT_AUDIO,experiment,2025-12-12 12:50:46,26.0,voice_recordings/P003_20251212_135056_633_CUCUMBER_ID_5_castravete.m4a,2025-12-12 12:50:56
3,24,f,Italian,"Italian, English",tradtional-first,28,SPOON_ID_4,spoon,lingură,TRADITIONAL_TEXT_AUDIO,experiment,2025-12-12 12:51:03,27.0,voice_recordings/P003_20251212_135109_828_SPOON_ID_4_lingură.m4a,2025-12-12 12:51:09
3,24,f,Italian,"Italian, English",tradtional-first,29,SHOES_ID_3,shoes,pantofi,AR_TEXT_AUDIO,experiment,2025-12-12 12:51:21,28.0,voice_recordings/P003_20251212_135127_999_SHOES_ID_3_pantofi.m4a,2025-12-12 12:51:28
3,24,f,Italian,"Italian, English",tradtional-first,30,APPLE_ID_2,apple,măr,AR_TEXT_AUDIO,experiment,2025-12-12 12:51:35,29.0,voice_recordings/P003_20251212_135140_882_APPLE_ID_2_măr.m4a,2025-12-12 12:51:40
3,24,f,Italian,"Italian, English",tradtional-first,31,CUP_ID_1,cup,cupă,AR_TEXT_AUDIO,experiment,2025-12-12 12:51:55,30.0,voice_recordings/P003_20251212_135201_160_CUP_ID_1_cupă.m4a,2025-12-12 12:52:01
4,24,f,Serbian,"Serbian, English",tradtional-first,38,JACKET_ID_6,jacket,jachetă,TRADITIONAL_TEXT_AUDIO,experiment,2025-12-12 15:52:06,37.0,voice_recordings/P004_20251212_165213_656_JACKET_ID_6_jachetă.m4a,2025-12-12 15:52:13
4,24,f,Serbian,"Serbian, English",tradtional-first,39,CUCUMBER_ID_5,cucumber,castravete,TRADITIONAL_TEXT_AUDIO,experiment,2025-12-12 15:52:25,38.0,voice_recordings/P004_20251212_165235_771_CUCUMBER_ID_5_castravete.m4a,2025-12-12 15:52:35
4,24,f,Serbian,"Serbian, English",tradtional-first,40,SPOON_ID_4,spoon,lingură,TRADITIONAL_TEXT_AUDIO,experiment,2025-12-12 15:52:45,39.0,voice_recordings/P004_20251212_165251_630_SPOON_ID_4_lingură.m4a,2025-12-12 15:52:51
4,24,f,Serbian,"Serbian, English",tradtional-first,41,SHOES_ID_3,shoes,pantofi,AR_TEXT_AUDIO,experiment,2025-12-12 15:53:07,40.0,voice_recordings/P004_20251212_165313_447_SHOES_ID_3_pantofi.m4a,2025-12-12 15:53:13
4,24,f,Serbian,"Serbian, English",tradtional-first,42,APPLE_ID_2,apple,măr,AR_TEXT_AUDIO,experiment,2025-12-12 15:53:20,41.0,voice_recordings/P004_20251212_165325_983_APPLE_ID_2_măr.m4a,2025-12-12 15:53:25
4,24,f,Serbian,"Serbian, English",tradtional-first,43,CUP_ID_1,cup,cupă,AR_TEXT_AUDIO,experiment,2025-12-12 15:53:33,42.0,voice_recordings/P004_20251212_165340_787_CUP_ID_1_cupă.m4a,2025-12-12 15:53:40
5,23,m,Egyptian,"Arabic, English, French, German",tradtional-first,47,JACKET_ID_6,jacket,jachetă,TRADITIONAL_TEXT_AUDIO,experiment,2025-12-12 15:59:20,46.0,voice_recordings/P005_20251212_165926_572_JACKET_ID_6_jachetă.m4a,2025-12-12 15:59:26
5,23,m,Egyptian,"Arabic, English, French, German",tradtional-first,48,CUCUMBER_ID_5,cucumber,castravete,TRADITIONAL_TEXT_AUDIO,experiment,2025-12-12 15:59:38,47.0,voice_recordings/P005_20251212_165945_144_CUCUMBER_ID_5_castravete.m4a,2025-12-12 15:59:45
5,23,m,Egyptian,"Arabic, English, French, German",tradtional-first,49,SPOON_ID_4,spoon,lingură,TRADITIONAL_TEXT_AUDIO,experiment,2025-12-12 15:59:52,48.0,voice_recordings/P005_20251212_170000_173_SPOON_ID_4_lingură.m4a,2025-12-12 16:00:00
5,23,m,Egyptian,"Arabic, English, French, German",tradtional-first,50,SHOES_ID_3,shoes,pantofi,AR_TEXT_AUDIO,experiment,2025-12-12 16:00:13,49.0,voice_recordings/P005_20251212_170021_141_SHOES_ID_3_pantofi.m4a,2025-12-12 16:00:21
5,23,m,Egyptian,"Arabic, English, French, German",tradtional-first,51,APPLE_ID_2,apple,măr,AR_TEXT_AUDIO,experiment,2025-12-12 16:00:27,50.0,voice_recordings/P005_20251212_170038_003_APPLE_ID_2_măr.m4a,2025-12-12 16:00:38
5,23,m,Egyptian,"Arabic, English, French, German",tradtional-first,52,CUP_ID_1,cup,cupă,AR_TEXT_AUDIO,experiment,2025-12-12 16:00:44,51.0,voice_recordings/P005_20251212_170050_582_CUP_ID_1_cupă.m4a,2025-12-12 16:00:50
6,23,m,Spanish,"Spanish, Catalan, English, French, German",ar-first,57,SHOES_ID_3,shoes,pantofi,AR_TEXT_AUDIO,experiment,2025-12-12 16:07:18,56.0,voice_recordings/P006_20251212_170723_454_SHOES_ID_3_pantofi.m4a,2025-12-12 16:07:23
6,23,m,Spanish,"Spanish, Catalan, English, French, German",ar-first,59,CUP_ID_1,cup,cupă,AR_TEXT_AUDIO,experiment,2025-12-12 16:07:41,58.0,voice_recordings/P006_20251212_170746_686_CUP_ID_1_cupă.m4a,2025-12-12 16:07:46
6,23,m,Spanish,"Spanish, Catalan, English, French, German",ar-first,60,JACKET_ID_6,jacket,jachetă,TRADITIONAL_TEXT_AUDIO,experiment,2025-12-12 16:07:53,59.0,voice_recordings/P006_20251212_170758_479_JACKET_ID_6_jachetă.m4a,2025-12-12 16:07:58
6,23,m,Spanish,"Spanish, Catalan, English, French, German",ar-first,61,CUCUMBER_ID_5,cucumber,castravete,TRADITIONAL_TEXT_AUDIO,experiment,2025-12-12 16:08:03,60.0,voice_recordings/P006_20251212_170808_919_CUCUMBER_ID_5_castravete.m4a,2025-12-12 16:08:08
6,23,m,Spanish,"Spanish, Catalan, English, French, German",ar-first,62,SPOON_ID_4,spoon,lingură,TRADITIONAL_TEXT_AUDIO,experiment,2025-12-12 16:08:12,61.0,voice_recordings/P006_20251212_170819_372_SPOON_ID_4_lingură.m4a,2025-12-12 16:08:19
7,23,m,Italian,"Italian, English",ar-first,67,SHOES_ID_3,shoes,pantofi,AR_TEXT_AUDIO,experiment,2025-12-12 16:14:32,66.0,voice_recordings/P007_20251212_171438_159_SHOES_ID_3_pantofi.m4a,2025-12-12 16:14:38
7,23,m,Italian,"Italian, English",ar-first,68,APPLE_ID_2,apple,măr,AR_TEXT_AUDIO,experiment,2025-12-12 16:14:44,67.0,voice_recordings/P007_20251212_171449_695_APPLE_ID_2_măr.m4a,2025-12-12 16:14:49
7,23,m,Italian,"Italian, English",ar-first,69,CUP_ID_1,cup,cupă,AR_TEXT_AUDIO,experiment,2025-12-12 16:15:01,68.0,voice_recordings/P007_20251212_171506_603_CUP_ID_1_cupă.m4a,2025-12-12 16:15:06
7,23,m,Italian,"Italian, English",ar-first,70,JACKET_ID_6,jacket,jachetă,TRADITIONAL_TEXT_AUDIO,experiment,2025-12-12 16:15:16,69.0,voice_recordings/P007_20251212_171523_945_JACKET_ID_6_jachetă.m4a,2025-12-12 16:15:23
7,23,m,Italian,"Italian, English",ar-first,71,CUCUMBER_ID_5,cucumber,castravete,TRADITIONAL_TEXT_AUDIO,experiment,2025-12-12 16:15:31,70.0,voice_recordings/P007_20251212_171537_158_CUCUMBER_ID_5_castravete.m4a,2025-12-12 16:15:37
7,23,m,Italian,"Italian, English",ar-first,72,SPOON_ID_4,spoon,lingură,TRADITIONAL_TEXT_AUDIO,experiment,2025-12-12 16:15:47,71.0,voice_recordings/P007_20251212_171552_101_SPOON_ID_4_lingură.m4a,2025-12-12 16:15:52
8,23,m,Italian,"Italian, English, Spanish, German",ar-first,76,SHOES_ID_3,shoes,pantofi,AR_TEXT_AUDIO,experiment,2025-12-12 16:20:05,75.0,voice_recordings/P008_20251212_172013_332_SHOES_ID_3_pantofi.m4a,2025-12-12 16:20:13
8,23,m,Italian,"Italian, English, Spanish, German",ar-first,77,APPLE_ID_2,apple,măr,AR_TEXT_AUDIO,experiment,2025-12-12 16:20:19,76.0,voice_recordings/P008_20251212_172025_032_APPLE_ID_2_măr.m4a,2025-12-12 16:20:25
8,23,m,Italian,"Italian, English, Spanish, German",ar-first,78,CUP_ID_1,cup,cupă,AR_TEXT_AUDIO,experiment,2025-12-12 16:20:29,77.0,voice_recordings/P008_20251212_172034_822_CUP_ID_1_cupă.m4a,2025-12-12 16:20:34
8,23,m,Italian,"Italian, English, Spanish, German",ar-first,79,JACKET_ID_6,jacket,jachetă,TRADITIONAL_TEXT_AUDIO,experiment,2025-12-12 16:20:43,78.0,voice_recordings/P008_20251212_172049_959_JACKET_ID_6_jachetă.m4a,2025-12-12 16:20:49
8,23,m,Italian,"Italian, English, Spanish, German",ar-first,80,CUCUMBER_ID_5,cucumber,castravete,TRADITIONAL_TEXT_AUDIO,experiment,2025-12-12 16:20:55,79.0,voice_recordings/P008_20251212_172101_243_CUCUMBER_ID_5_castravete.m4a,2025-12-12 16:21:01
8,23,m,Italian,"Italian, English, Spanish, German",ar-first,81,SPOON_ID_4,spoon,lingură,TRADITIONAL_TEXT_AUDIO,experiment,2025-12-12 16:21:08,80.0,voice_recordings/P008_20251212_172113_936_SPOON_ID_4_lingură.m4a,2025-12-12 16:21:13
9,27,m,Swedish,"Swedish, English",ar-first,85,SHOES_ID_3,shoes,pantofi,AR_TEXT_AUDIO,experiment,2025-12-12 16:31:50,84.0,voice_recordings/P009_20251212_173157_960_SHOES_ID_3_pantofi.m4a,2025-12-12 16:31:57
9,27,m,Swedish,"Swedish, English",ar-first,86,APPLE_ID_2,apple,măr,AR_TEXT_AUDIO,experiment,2025-12-12 16:32:05,85.0,voice_recordings/P009_20251212_173210_327_APPLE_ID_2_măr.m4a,2025-12-12 16:32:10
9,27,m,Swedish,"Swedish, English",ar-first,87,CUP_ID_1,cup,cupă,AR_TEXT_AUDIO,experiment,2025-12-12 16:32:15,86.0,voice_recordings/P009_20251212_173221_822_CUP_ID_1_cupă.m4a,2025-12-12 16:32:21
9,27,m,Swedish,"Swedish, English",ar-first,88,JACKET_ID_6,jacket,jachetă,TRADITIONAL_TEXT_AUDIO,experiment,2025-12-12 16:32:29,87.0,voice_recordings/P009_20251212_173235_225_JACKET_ID_6_jachetă.m4a,2025-12-12 16:32:35
9,27,m,Swedish,"Swedish, English",ar-first,89,CUCUMBER_ID_5,cucumber,castravete,TRADITIONAL_TEXT_AUDIO,experiment,2025-12-12 16:32:40,88.0,voice_recordings/P009_20251212_173247_032_CUCUMBER_ID_5_castravete.m4a,2025-12-12 16:32:47
9,27,m,Swedish,"Swedish, English",ar-first,90,SPOON_ID_4,spoon,lingură,TRADITIONAL_TEXT_AUDIO,experiment,2025-12-12 16:32:50,89.0,voice_recordings/P009_20251212_173256_156_SPOON_ID_4_lingură.m4a,2025-12-12 16:32:56
10,23,m,Turkish,"Turkish, English, French",ar-first,94,SHOES_ID_3,shoes,pantofi,AR_TEXT_AUDIO,experiment,2025-12-12 17:18:17,93.0,voice_recordings/P010_20251212_181825_106_SHOES_ID_3_pantofi.m4a,2025-12-12 17:18:25
10,23,m,Turkish,"Turkish, English, French",ar-first,95,APPLE_ID_2,apple,măr,AR_TEXT_AUDIO,experiment,2025-12-12 17:18:31,94.0,voice_recordings/P010_20251212_181837_685_APPLE_ID_2_măr.m4a,2025-12-12 17:18:37
10,23,m,Turkish,"Turkish, English, French",ar-first,96,CUP_ID_1,cup,cupă,AR_TEXT_AUDIO,experiment,2025-12-12 17:18:42,95.0,voice_recordings/P010_20251212_181849_361_CUP_ID_1_cupă.m4a,2025-12-12 17:18:49
10,23,m,Turkish,"Turkish, English, French",ar-first,97,JACKET_ID_6,jacket,jachetă,TRADITIONAL_TEXT_AUDIO,experiment,2025-12-12 17:18:54,96.0,voice_recordings/P010_20251212_181901_647_JACKET_ID_6_jachetă.m4a,2025-12-12 17:19:01
10,23,m,Turkish,"Turkish, English, French",ar-first,98,CUCUMBER_ID_5,cucumber,castravete,TRADITIONAL_TEXT_AUDIO,experiment,2025-12-12 17:19:04,97.0,voice_recordings/P010_20251212_181910_729_CUCUMBER_ID_5_castravete.m4a,2025-12-12 17:19:10
10,23,m,Turkish,"Turkish, English, French",ar-first,99,SPOON_ID_4,spoon,lingură,TRADITIONAL_TEXT_AUDIO,experiment,2025-12-12 17:19:16,98.0,voice_recordings/P010_20251212_181921_921_SPOON_ID_4_lingură.m4a,2025-12-12 17:19:21
11,24,f,Italian,"Italian, English, Spanish",tradtional-first,107,JACKET_ID_6,jacket,jachetă,TRADITIONAL_TEXT_AUDIO,experiment,2025-12-15 17:59:45,105.0,voice_recordings/P011_20251215_185950_008_JACKET_ID_6_jachetă.m4a,2025-12-15 17:59:50
11,24,f,Italian,"Italian, English, Spanish",tradtional-first,108,CUCUMBER_ID_5,cucumber,castravete,TRADITIONAL_TEXT_AUDIO,experiment,2025-12-15 17:59:58,106.0,voice_recordings/P011_20251215_190004_597_CUCUMBER_ID_5_castravete.m4a,2025-12-15 18:00:04
11,24,f,Italian,"Italian, English, Spanish",tradtional-first,109,SPOON_ID_4,spoon,lingură,TRADITIONAL_TEXT_AUDIO,experiment,2025-12-15 18:00:09,107.0,voice_recordings/P011_20251215_190016_874_SPOON_ID_4_lingură.m4a,2025-12-15 18:00:16
11,24,f,Italian,"Italian, English, Spanish",tradtional-first,110,SHOES_ID_3,shoes,pantofi,AR_TEXT_AUDIO,experiment,2025-12-15 18:00:21,108.0,voice_recordings/P011_20251215_190027_214_SHOES_ID_3_pantofi.m4a,2025-12-15 18:00:27
11,24,f,Italian,"Italian, English, Spanish",tradtional-first,111,APPLE_ID_2,apple,măr,AR_TEXT_AUDIO,experiment,2025-12-15 18:00:31,109.0,voice_recordings/P011_20251215_190038_539_APPLE_ID_2_măr.m4a,2025-12-15 18:00:38
11,24,f,Italian,"Italian, English, Spanish",tradtional-first,112,CUP_ID_1,cup,cupă,AR_TEXT_AUDIO,experiment,2025-12-15 18:00:42,110.0,voice_recordings/P011_20251215_190047_651_CUP_ID_1_cupă.m4a,2025-12-15 18:00:47
